age,salary,cluster,pca1,pca2
25,50000,2,-2.0243890464514664,-0.12702245035044032
30,60000,0,-0.4357506269502773,0.19670490508339855
35,65000,3,0.6747963488171559,0.04234081678348023
40,70000,1,1.7853433245845889,-0.11202327151643815
